message_body,content_offset_seconds,message_user_color,commenter_display_name,message_fragments
Pog,8.319,#CC00BE,iFordicus,"[{""text"": ""Pog""}]"
saved KEKW,8.396,#008000,alonetimeispeacemind,"[{""text"": ""saved KEKW""}]"
PogU,8.419,#FF4500,RamaXDL,"[{""text"": ""PogU""}]"
dsup,8.419,#7AAAB4,teloahs,"[{""text"": ""dsup""}]"
yo,8.448,#FF0000,Siqx,"[{""text"": ""yo""}]"
SAVED PogU,8.534,#0000FF,Camp3ReL,"[{""text"": ""SAVED PogU""}]"
Pog,8.535,,AnimatedHugh,"[{""text"": ""Pog""}]"
Pog,8.668,,DrDachsHund,"[{""text"": ""Pog""}]"
YOO,8.742,#B22222,lexil,"[{""text"": ""YOO""}]"
TenshiHS please stay :( he just reset the delay!!!!,8.76,#FF0000,Football_Coach,"[{""text"": ""TenshiHS please stay ""}, {""text"": "":("", ""emoticon"": {""emoticon_set_id"": """", ""emoticon_id"": ""2""}}, {""text"": "" he just reset the delay!!!!""}]"
HI,8.791,,36eagles,"[{""text"": ""HI""}]"
HERES IT COMES,8.795,#9ACD32,mmmooore,"[{""text"": ""HERES IT COMES""}]"
Hi,8.826,#8A2BE2,BundledTown,"[{""text"": ""Hi""}]"
Kappa 123,8.83,#FF0000,lidl_beast,"[{""text"": ""Kappa"", ""emoticon"": {""emoticon_set_id"": """", ""emoticon_id"": ""25""}}, {""text"": "" 123""}]"
banned,8.847,#8A2BE2,orochipetesito,"[{""text"": ""banned""}]"
mizkifYo,9.055,#2E8B57,mido_rma,"[{""text"": ""mizkifYo"", ""emoticon"": {""emoticon_set_id"": """", ""emoticon_id"": ""301038062""}}]"
L,9.094,#CC0000,knightwares,"[{""text"": ""L""}]"
F,9.108,,Enokian,"[{""text"": ""F""}]"
yes,9.11,#0000FF,Ragnar_Jackbrock,"[{""text"": ""yes""}]"
LATE WeirdChamp,9.117,#8A2BE2,Quiqueex,"[{""text"": ""LATE WeirdChamp""}]"
PogU,9.172,#FF69B4,ninjakaizo,"[{""text"": ""PogU""}]"
BYE VIEWERS KEKW BYE VIEWERS KEKW BYE VIEWERS KEKW BYE VIEWERS KEKW BYE VIEWERS KEKW BYE VIEWERS KEKW BYE VIEWERS KEKW BYE VIEWERS KEKW,9.207,#00FF7F,fussy_hotel,"[{""text"": ""BYE VIEWERS KEKW BYE VIEWERS KEKW BYE VIEWERS KEKW BYE VIEWERS KEKW BYE VIEWERS KEKW BYE VIEWERS KEKW BYE VIEWERS KEKW BYE VIEWERS KEKW""}]"
Wait did they win?!?,9.228,,poshleyheights,"[{""text"": ""Wait did they win?!?""}]"
AD,9.24,,Diancai,"[{""text"": ""AD""}]"
LIVE Pog,9.249,#8F0000,Mattmxm,"[{""text"": ""LIVE Pog""}]"
SAVED,9.458,#FF4500,abaws_,"[{""text"": ""SAVED""}]"
WE BACK,9.487,#FF0000,the_one_16,"[{""text"": ""WE BACK""}]"
gj,9.521,#00FF7F,xKiroo,"[{""text"": ""gj""}]"
SR0-3 PauseChamp,9.783,#FFB61D,MrSumo,"[{""text"": ""SR0-3 PauseChamp""}]"
no :),9.979,#2297B2,RosarioVampi,"[{""text"": ""no ""}, {""text"": "":)"", ""emoticon"": {""emoticon_set_id"": """", ""emoticon_id"": ""1""}}]"
BYE VIEWERS KEKW BYE VIEWERS KEKW BYE VIEWERS KEKW BYE VIEWERS KEKW,11.338,#00FF7F,fussy_hotel,"[{""text"": ""BYE VIEWERS KEKW BYE VIEWERS KEKW BYE VIEWERS KEKW BYE VIEWERS KEKW""}]"
yes,11.344,#FF0000,lidl_beast,"[{""text"": ""yes""}]"
peepoArrive,11.386,#FF69B4,Lukasx8,"[{""text"": ""peepoArrive""}]"
Pog,11.424,#FF0000,saffattack,"[{""text"": ""Pog""}]"
naroWink hi,11.451,#0088FF,Joefisx20s,"[{""text"": ""naroWink"", ""emoticon"": {""emoticon_set_id"": """", ""emoticon_id"": ""955650""}}, {""text"": "" hi""}]"
W,11.509,#00FF7F,gerjanqwe,"[{""text"": ""W""}]"
no,11.51,,yloma123,"[{""text"": ""no""}]"
tyler1Hey,11.527,#1E90FF,muffin1stuffer,"[{""text"": ""tyler1Hey"", ""emoticon"": {""emoticon_set_id"": """", ""emoticon_id"": ""106169""}}]"
NO PogU,11.531,#1E90FF,daimond123yt,"[{""text"": ""NO PogU""}]"
NO,11.566,#00FF7F,mrlockhead,"[{""text"": ""NO""}]"
SR OMEGALUL AND ND5 KEKW,11.62,#FF0000,dundun69,"[{""text"": ""SR OMEGALUL AND ND5 KEKW""}]"
no,11.631,#CC003A,kodoki_,"[{""text"": ""no""}]"
no,11.697,,Acejokeraz,"[{""text"": ""no""}]"
YES,11.698,#F6FF00,CYBERBOOLI_xD,"[{""text"": ""YES""}]"
Pog,11.746,#FF0000,AquaticSnail,"[{""text"": ""Pog""}]"
PogU,12.003,#8A2BE2,jlonic,"[{""text"": ""PogU""}]"
SUP SUP,12.043,#FF0000,Madurax,"[{""text"": ""SUP SUP""}]"
:),12.074,,Singhh98,"[{""text"": "":)"", ""emoticon"": {""emoticon_set_id"": """", ""emoticon_id"": ""1""}}]"
WE BACK!,12.077,#CC6300,DPritz,"[{""text"": ""WE BACK!""}]"
SUPP,12.134,,francessssssss,"[{""text"": ""SUPP""}]"
H3 never came back D:,12.149,#FF69B4,rekt_0ne,"[{""text"": ""H3 never came back D:""}]"
N OMEGALUL,12.15,#0000FF,psychxc,"[{""text"": ""N OMEGALUL""}]"
PogU SAVED,12.168,#DFE3E8,comics101,"[{""text"": ""PogU SAVED""}]"
Pog,12.187,,tbc_baby,"[{""text"": ""Pog""}]"
no,12.188,#5F9EA0,meimou,"[{""text"": ""no""}]"
WHATS GOOD WINNER MAN PogU,13.387,#00FF7F,FPSpsychoYT,"[{""text"": ""WHATS GOOD WINNER MAN PogU""}]"
PogU,14.344,,alexeyevich_ilya,"[{""text"": ""PogU""}]"
no,14.373,#1E90FF,Myst_gg,"[{""text"": ""no""}]"
HeyGuys,14.382,#B22222,kylethomas1211,"[{""text"": ""HeyGuys"", ""emoticon"": {""emoticon_set_id"": """", ""emoticon_id"": ""30259""}}]"
: PowerUpL OhMyDog PowerUpR SHADOWDOGS UNLEASHED PowerUpL OhMyDog PowerUpR SHADOWDOGS UNLEASHED PowerUpL OhMyDog PowerUpR SHADOWDOGS UNLEASHED PowerUpL OhMyDog PowerUpR SHADOWDOGS UNLEASHED PowerUpL OhMyDog PowerUpR SHADOWDOGS UNLEASHED PowerUpL OhMyDog PowerUpR SHADOWDOGS UNLEASHED,14.437,,mattatatt7,"[{""text"": "": ""}, {""text"": ""PowerUpL"", ""emoticon"": {""emoticon_set_id"": """", ""emoticon_id"": ""425688""}}, {""text"": "" ""}, {""text"": ""OhMyDog"", ""emoticon"": {""emoticon_set_id"": """", ""emoticon_id"": ""81103""}}, {""text"": "" ""}, {""text"": ""PowerUpR"", ""emoticon"": {""emoticon_set_id"": """", ""emoticon_id"": ""425671""}}, {""text"": "" SHADOWDOGS UNLEASHED ""}, {""text"": ""PowerUpL"", ""emoticon"": {""emoticon_set_id"": """", ""emoticon_id"": ""425688""}}, {""text"": "" ""}, {""text"": ""OhMyDog"", ""emoticon"": {""emoticon_set_id"": """", ""emoticon_id"": ""81103""}}, {""text"": "" ""}, {""text"": ""PowerUpR"", ""emoticon"": {""emoticon_set_id"": """", ""emoticon_id"": ""425671""}}, {""text"": "" SHADOWDOGS UNLEASHED ""}, {""text"": ""PowerUpL"", ""emoticon"": {""emoticon_set_id"": """", ""emoticon_id"": ""425688""}}, {""text"": "" ""}, {""text"": ""OhMyDog"", ""emoticon"": {""emoticon_set_id"": """", ""emoticon_id"": ""81103""}}, {""text"": "" ""}, {""text"": ""PowerUpR"", ""emoticon"": {""emoticon_set_id"": """", ""emoticon_id"": ""425671""}}, {""text"": "" SHADOWDOGS UNLEASHED ""}, {""text"": ""PowerUpL"", ""emoticon"": {""emoticon_set_id"": """", ""emoticon_id"": ""425688""}}, {""text"": "" ""}, {""text"": ""OhMyDog"", ""emoticon"": {""emoticon_set_id"": """", ""emoticon_id"": ""81103""}}, {""text"": "" ""}, {""text"": ""PowerUpR"", ""emoticon"": {""emoticon_set_id"": """", ""emoticon_id"": ""425671""}}, {""text"": "" SHADOWDOGS UNLEASHED ""}, {""text"": ""PowerUpL"", ""emoticon"": {""emoticon_set_id"": """", ""emoticon_id"": ""425688""}}, {""text"": "" ""}, {""text"": ""OhMyDog"", ""emoticon"": {""emoticon_set_id"": """", ""emoticon_id"": ""81103""}}, {""text"": "" ""}, {""text"": ""PowerUpR"", ""emoticon"": {""emoticon_set_id"": """", ""emoticon_id"": ""425671""}}, {""text"": "" SHADOWDOGS UNLEASHED ""}, {""text"": ""PowerUpL"", ""emoticon"": {""emoticon_set_id"": """", ""emoticon_id"": ""425688""}}, {""text"": "" ""}, {""text"": ""OhMyDog"", ""emoticon"": {""emoticon_set_id"": """", ""emoticon_id"": ""81103""}}, {""text"": "" ""}, {""text"": ""PowerUpR"", ""emoticon"": {""emoticon_set_id"": """", ""emoticon_id"": ""425671""}}, {""text"": "" SHADOWDOGS UNLEASHED""}]"
WASSUUUU,14.455,#DAA520,reddlol,"[{""text"": ""WASSUUUU""}]"
Pog,14.619,#0000FF,kubbe1337,"[{""text"": ""Pog""}]"
PowerUpL OhMyDog PowerUpR SHADOWDOGS UNLEASHED PowerUpL OhMyDog PowerUpR SHADOWDOGS UNLEASHED PowerUpL OhMyDog PowerUpR SHADOWDOGS UNLEASHED PowerUpL OhMyDog PowerUpR SHADOWDOGS UNLEASHED PowerUpL OhMyDog PowerUpR SHADOWDOGS UNLEASHED,14.632,#FF69B4,savitridevi,"[{""text"": ""PowerUpL"", ""emoticon"": {""emoticon_set_id"": """", ""emoticon_id"": ""425688""}}, {""text"": "" ""}, {""text"": ""OhMyDog"", ""emoticon"": {""emoticon_set_id"": """", ""emoticon_id"": ""81103""}}, {""text"": "" ""}, {""text"": ""PowerUpR"", ""emoticon"": {""emoticon_set_id"": """", ""emoticon_id"": ""425671""}}, {""text"": "" SHADOWDOGS UNLEASHED ""}, {""text"": ""PowerUpL"", ""emoticon"": {""emoticon_set_id"": """", ""emoticon_id"": ""425688""}}, {""text"": "" ""}, {""text"": ""OhMyDog"", ""emoticon"": {""emoticon_set_id"": """", ""emoticon_id"": ""81103""}}, {""text"": "" ""}, {""text"": ""PowerUpR"", ""emoticon"": {""emoticon_set_id"": """", ""emoticon_id"": ""425671""}}, {""text"": "" SHADOWDOGS UNLEASHED ""}, {""text"": ""PowerUpL"", ""emoticon"": {""emoticon_set_id"": """", ""emoticon_id"": ""425688""}}, {""text"": "" ""}, {""text"": ""OhMyDog"", ""emoticon"": {""emoticon_set_id"": """", ""emoticon_id"": ""81103""}}, {""text"": "" ""}, {""text"": ""PowerUpR"", ""emoticon"": {""emoticon_set_id"": """", ""emoticon_id"": ""425671""}}, {""text"": "" SHADOWDOGS UNLEASHED ""}, {""text"": ""PowerUpL"", ""emoticon"": {""emoticon_set_id"": """", ""emoticon_id"": ""425688""}}, {""text"": "" ""}, {""text"": ""OhMyDog"", ""emoticon"": {""emoticon_set_id"": """", ""emoticon_id"": ""81103""}}, {""text"": "" ""}, {""text"": ""PowerUpR"", ""emoticon"": {""emoticon_set_id"": """", ""emoticon_id"": ""425671""}}, {""text"": "" SHADOWDOGS UNLEASHED ""}, {""text"": ""PowerUpL"", ""emoticon"": {""emoticon_set_id"": """", ""emoticon_id"": ""425688""}}, {""text"": "" ""}, {""text"": ""OhMyDog"", ""emoticon"": {""emoticon_set_id"": """", ""emoticon_id"": ""81103""}}, {""text"": "" ""}, {""text"": ""PowerUpR"", ""emoticon"": {""emoticon_set_id"": """", ""emoticon_id"": ""425671""}}, {""text"": "" SHADOWDOGS UNLEASHED""}]"
TIME TRAVEL,14.645,,Jayraymayisgay,"[{""text"": ""TIME TRAVEL""}]"
POG,14.657,,Idiosity321,"[{""text"": ""POG""}]"
Pog,14.659,,Rokayori,"[{""text"": ""Pog""}]"
MOE SAID PUMMEL @loltyler1 PogYou MOE SAID PUMMEL @loltyler1 PogYou MOE SAID PUMMEL @loltyler1 PogYou MOE SAID PUMMEL @loltyler1 PogYou MOE SAID PUMMEL @loltyler1 PogYou MOE SAID PUMMEL @loltyler1 PogYou,14.886,#8A2BE2,michaelduffy,"[{""text"": ""MOE SAID PUMMEL @loltyler1 PogYou MOE SAID PUMMEL @loltyler1 PogYou MOE SAID PUMMEL @loltyler1 PogYou MOE SAID PUMMEL @loltyler1 PogYou MOE SAID PUMMEL @loltyler1 PogYou MOE SAID PUMMEL @loltyler1 PogYou""}]"
KEKW,14.896,#8A2BE2,Elite1430,"[{""text"": ""KEKW""}]"
n o,15.047,#FF69B4,bouttafinnasniff,"[{""text"": ""n o""}]"
SAVED,15.066,,Mohamd99zh,"[{""text"": ""SAVED""}]"
SAVED Pog,15.068,,Bladine,"[{""text"": ""SAVED Pog""}]"
sssavedd,15.08,,medicalusee,"[{""text"": ""sssavedd""}]"
tyler1Hey,15.142,#F772B6,Battlepiggy_,"[{""text"": ""tyler1Hey"", ""emoticon"": {""emoticon_set_id"": """", ""emoticon_id"": ""106169""}}]"
adaddd,15.177,#FF3FF0,azirm,"[{""text"": ""adaddd""}]"
no :),15.248,#00FF80,kepz0,"[{""text"": ""no ""}, {""text"": "":)"", ""emoticon"": {""emoticon_set_id"": """", ""emoticon_id"": ""1""}}]"
no,15.28,#2E8B57,OWMordho,"[{""text"": ""no""}]"
Sup hector,15.289,,thiccbeefcake69,"[{""text"": ""Sup hector""}]"
PowerUpL OhMyDog PowerUpR PowerUpL OhMyDog PowerUpR PowerUpL OhMyDog PowerUpR PowerUpL OhMyDog PowerUpR PowerUpL OhMyDog PowerUpRPowerUpL OhMyDog PowerUpR,15.403,,pabloarteaga3,"[{""text"": ""PowerUpL"", ""emoticon"": {""emoticon_set_id"": """", ""emoticon_id"": ""425688""}}, {""text"": "" ""}, {""text"": ""OhMyDog"", ""emoticon"": {""emoticon_set_id"": """", ""emoticon_id"": ""81103""}}, {""text"": "" ""}, {""text"": ""PowerUpR"", ""emoticon"": {""emoticon_set_id"": """", ""emoticon_id"": ""425671""}}, {""text"": "" ""}, {""text"": ""PowerUpL"", ""emoticon"": {""emoticon_set_id"": """", ""emoticon_id"": ""425688""}}, {""text"": "" ""}, {""text"": ""OhMyDog"", ""emoticon"": {""emoticon_set_id"": """", ""emoticon_id"": ""81103""}}, {""text"": "" ""}, {""text"": ""PowerUpR"", ""emoticon"": {""emoticon_set_id"": """", ""emoticon_id"": ""425671""}}, {""text"": "" ""}, {""text"": ""PowerUpL"", ""emoticon"": {""emoticon_set_id"": """", ""emoticon_id"": ""425688""}}, {""text"": "" ""}, {""text"": ""OhMyDog"", ""emoticon"": {""emoticon_set_id"": """", ""emoticon_id"": ""81103""}}, {""text"": "" ""}, {""text"": ""PowerUpR"", ""emoticon"": {""emoticon_set_id"": """", ""emoticon_id"": ""425671""}}, {""text"": "" ""}, {""text"": ""PowerUpL"", ""emoticon"": {""emoticon_set_id"": """", ""emoticon_id"": ""425688""}}, {""text"": "" ""}, {""text"": ""OhMyDog"", ""emoticon"": {""emoticon_set_id"": """", ""emoticon_id"": ""81103""}}, {""text"": "" ""}, {""text"": ""PowerUpR"", ""emoticon"": {""emoticon_set_id"": """", ""emoticon_id"": ""425671""}}, {""text"": "" ""}, {""text"": ""PowerUpL"", ""emoticon"": {""emoticon_set_id"": """", ""emoticon_id"": ""425688""}}, {""text"": "" ""}, {""text"": ""OhMyDog"", ""emoticon"": {""emoticon_set_id"": """", ""emoticon_id"": ""81103""}}, {""text"": "" PowerUpRPowerUpL ""}, {""text"": ""OhMyDog"", ""emoticon"": {""emoticon_set_id"": """", ""emoticon_id"": ""81103""}}, {""text"": "" ""}, {""text"": ""PowerUpR"", ""emoticon"": {""emoticon_set_id"": """", ""emoticon_id"": ""425671""}}]"
SHADOWDOGS UNLEASHED PowerUpL OhMyDog PowerUpR SHADOWDOGS UNLEASHED PowerUpL OhMyDog PowerUpR SHADOWDOGS UNLEASHED PowerUpL OhMyDog PowerUpR SHADOWDOGS UNLEASHED PowerUpL OhMyDog PowerUpR SHADOWDOGS UNLEASHED PowerUpL OhMyDog PowerUpR SHADOWDOGS UNLEASHED!,15.483,#9ACD32,bestpastryna,"[{""text"": ""SHADOWDOGS UNLEASHED ""}, {""text"": ""PowerUpL"", ""emoticon"": {""emoticon_set_id"": """", ""emoticon_id"": ""425688""}}, {""text"": "" ""}, {""text"": ""OhMyDog"", ""emoticon"": {""emoticon_set_id"": """", ""emoticon_id"": ""81103""}}, {""text"": "" ""}, {""text"": ""PowerUpR"", ""emoticon"": {""emoticon_set_id"": """", ""emoticon_id"": ""425671""}}, {""text"": "" SHADOWDOGS UNLEASHED ""}, {""text"": ""PowerUpL"", ""emoticon"": {""emoticon_set_id"": """", ""emoticon_id"": ""425688""}}, {""text"": "" ""}, {""text"": ""OhMyDog"", ""emoticon"": {""emoticon_set_id"": """", ""emoticon_id"": ""81103""}}, {""text"": "" ""}, {""text"": ""PowerUpR"", ""emoticon"": {""emoticon_set_id"": """", ""emoticon_id"": ""425671""}}, {""text"": "" SHADOWDOGS UNLEASHED ""}, {""text"": ""PowerUpL"", ""emoticon"": {""emoticon_set_id"": """", ""emoticon_id"": ""425688""}}, {""text"": "" ""}, {""text"": ""OhMyDog"", ""emoticon"": {""emoticon_set_id"": """", ""emoticon_id"": ""81103""}}, {""text"": "" ""}, {""text"": ""PowerUpR"", ""emoticon"": {""emoticon_set_id"": """", ""emoticon_id"": ""425671""}}, {""text"": "" SHADOWDOGS UNLEASHED ""}, {""text"": ""PowerUpL"", ""emoticon"": {""emoticon_set_id"": """", ""emoticon_id"": ""425688""}}, {""text"": "" ""}, {""text"": ""OhMyDog"", ""emoticon"": {""emoticon_set_id"": """", ""emoticon_id"": ""81103""}}, {""text"": "" ""}, {""text"": ""PowerUpR"", ""emoticon"": {""emoticon_set_id"": """", ""emoticon_id"": ""425671""}}, {""text"": "" SHADOWDOGS UNLEASHED ""}, {""text"": ""PowerUpL"", ""emoticon"": {""emoticon_set_id"": """", ""emoticon_id"": ""425688""}}, {""text"": "" ""}, {""text"": ""OhMyDog"", ""emoticon"": {""emoticon_set_id"": """", ""emoticon_id"": ""81103""}}, {""text"": "" ""}, {""text"": ""PowerUpR"", ""emoticon"": {""emoticon_set_id"": """", ""emoticon_id"": ""425671""}}, {""text"": "" SHADOWDOGS UNLEASHED!""}]"
selphyHi,15.689,#008000,reptileGEDO,"[{""text"": ""selphyHi"", ""emoticon"": {""emoticon_set_id"": """", ""emoticon_id"": ""1790515""}}]"
HeyGuys,15.725,,potarohat,"[{""text"": ""HeyGuys"", ""emoticon"": {""emoticon_set_id"": """", ""emoticon_id"": ""30259""}}]"
tyler1Hey,15.834,#FF69B4,ryodali1,"[{""text"": ""tyler1Hey"", ""emoticon"": {""emoticon_set_id"": """", ""emoticon_id"": ""106169""}}]"
PogYou,15.919,#FF0000,GGGodar,"[{""text"": ""PogYou""}]"
woah is this tyler from the future!?,16.063,#00FF7F,Supportarino,"[{""text"": ""woah is this tyler from the future!?""}]"
tyler1R1 tyler1R2,16.12,,Niviere,"[{""text"": ""tyler1R1"", ""emoticon"": {""emoticon_set_id"": """", ""emoticon_id"": ""140809""}}, {""text"": "" ""}, {""text"": ""tyler1R2"", ""emoticon"": {""emoticon_set_id"": """", ""emoticon_id"": ""140810""}}]"
IM SO HAPPY,16.154,#F6FF00,CYBERBOOLI_xD,"[{""text"": ""IM SO HAPPY""}]"
peepoLeave stream over,16.165,#DAA520,lolazuren,"[{""text"": ""peepoLeave stream over""}]"
we back,17.344,,stebbings99,"[{""text"": ""we back""}]"
Yes,17.492,,kazmall,"[{""text"": ""Yes""}]"
´pogyou,17.513,,tfleo,"[{""text"": ""\u00b4pogyou""}]"
PowerUpL OhMyDog PowerUpR,17.8,,36eagles,"[{""text"": ""PowerUpL"", ""emoticon"": {""emoticon_set_id"": """", ""emoticon_id"": ""425688""}}, {""text"": "" ""}, {""text"": ""OhMyDog"", ""emoticon"": {""emoticon_set_id"": """", ""emoticon_id"": ""81103""}}, {""text"": "" ""}, {""text"": ""PowerUpR"", ""emoticon"": {""emoticon_set_id"": """", ""emoticon_id"": ""425671""}}]"
NO,17.93,#00FF7F,Kawre,"[{""text"": ""NO""}]"
@loltyler1 yo what up good games bro,17.961,#FF0000,bisgetti,"[{""text"": ""@loltyler1 yo what up good games bro""}]"
WeirdChamp LATE,17.991,,jakjakfan,"[{""text"": ""WeirdChamp LATE""}]"
PogU,18.017,,terebes07501,"[{""text"": ""PogU""}]"
SHADOW DOOOGS PowerUpL OhMyDog PowerUpR SHADOW DOOOGS PowerUpL OhMyDog PowerUpR SHADOW DOOOGS PowerUpL OhMyDog PowerUpR SHADOOOW DOOOGS PowerUpL OhMyDog PowerUpR SHADOW DOOOGS PowerUpL OhMyDog PowerUpR SHADOW DOOOGS PowerUpL OhMyDog PowerUpR,18.16,,francessssssss,"[{""text"": ""SHADOW DOOOGS ""}, {""text"": ""PowerUpL"", ""emoticon"": {""emoticon_set_id"": """", ""emoticon_id"": ""425688""}}, {""text"": "" ""}, {""text"": ""OhMyDog"", ""emoticon"": {""emoticon_set_id"": """", ""emoticon_id"": ""81103""}}, {""text"": "" ""}, {""text"": ""PowerUpR"", ""emoticon"": {""emoticon_set_id"": """", ""emoticon_id"": ""425671""}}, {""text"": "" SHADOW DOOOGS ""}, {""text"": ""PowerUpL"", ""emoticon"": {""emoticon_set_id"": """", ""emoticon_id"": ""425688""}}, {""text"": "" ""}, {""text"": ""OhMyDog"", ""emoticon"": {""emoticon_set_id"": """", ""emoticon_id"": ""81103""}}, {""text"": "" ""}, {""text"": ""PowerUpR"", ""emoticon"": {""emoticon_set_id"": """", ""emoticon_id"": ""425671""}}, {""text"": "" SHADOW DOOOGS ""}, {""text"": ""PowerUpL"", ""emoticon"": {""emoticon_set_id"": """", ""emoticon_id"": ""425688""}}, {""text"": "" ""}, {""text"": ""OhMyDog"", ""emoticon"": {""emoticon_set_id"": """", ""emoticon_id"": ""81103""}}, {""text"": "" ""}, {""text"": ""PowerUpR"", ""emoticon"": {""emoticon_set_id"": """", ""emoticon_id"": ""425671""}}, {""text"": "" SHADOOOW DOOOGS ""}, {""text"": ""PowerUpL"", ""emoticon"": {""emoticon_set_id"": """", ""emoticon_id"": ""425688""}}, {""text"": "" ""}, {""text"": ""OhMyDog"", ""emoticon"": {""emoticon_set_id"": """", ""emoticon_id"": ""81103""}}, {""text"": "" ""}, {""text"": ""PowerUpR"", ""emoticon"": {""emoticon_set_id"": """", ""emoticon_id"": ""425671""}}, {""text"": "" SHADOW DOOOGS ""}, {""text"": ""PowerUpL"", ""emoticon"": {""emoticon_set_id"": """", ""emoticon_id"": ""425688""}}, {""text"": "" ""}, {""text"": ""OhMyDog"", ""emoticon"": {""emoticon_set_id"": """", ""emoticon_id"": ""81103""}}, {""text"": "" ""}, {""text"": ""PowerUpR"", ""emoticon"": {""emoticon_set_id"": """", ""emoticon_id"": ""425671""}}, {""text"": "" SHADOW DOOOGS ""}, {""text"": ""PowerUpL"", ""emoticon"": {""emoticon_set_id"": """", ""emoticon_id"": ""425688""}}, {""text"": "" ""}, {""text"": ""OhMyDog"", ""emoticon"": {""emoticon_set_id"": """", ""emoticon_id"": ""81103""}}, {""text"": "" ""}, {""text"": ""PowerUpR"", ""emoticon"": {""emoticon_set_id"": """", ""emoticon_id"": ""425671""}}]"
WutFace DISGUSTING WutFace,18.35,,Prnstarazmo,"[{""text"": ""WutFace"", ""emoticon"": {""emoticon_set_id"": """", ""emoticon_id"": ""28087""}}, {""text"": "" DISGUSTING ""}, {""text"": ""WutFace"", ""emoticon"": {""emoticon_set_id"": """", ""emoticon_id"": ""28087""}}]"
Hi,18.586,#B22222,Youbeebhole,"[{""text"": ""Hi""}]"
WE BACK BOIS,18.669,,Sncrimson,"[{""text"": ""WE BACK BOIS""}]"
PRERECORDED,18.682,,tovarusulSTALIN,"[{""text"": ""PRERECORDED""}]"
PogChamp PogChamp PogChamp PogChamp LUL,18.773,,apemonkeypog,"[{""text"": ""PogChamp"", ""emoticon"": {""emoticon_set_id"": """", ""emoticon_id"": ""88""}}, {""text"": "" ""}, {""text"": ""PogChamp"", ""emoticon"": {""emoticon_set_id"": """", ""emoticon_id"": ""88""}}, {""text"": "" ""}, {""text"": ""PogChamp"", ""emoticon"": {""emoticon_set_id"": """", ""emoticon_id"": ""88""}}, {""text"": "" ""}, {""text"": ""PogChamp"", ""emoticon"": {""emoticon_set_id"": """", ""emoticon_id"": ""88""}}, {""text"": "" ""}, {""text"": ""LUL"", ""emoticon"": {""emoticon_set_id"": """", ""emoticon_id"": ""425618""}}]"
Ads,18.872,#00FF7F,MystiiezOCE,"[{""text"": ""Ads""}]"
POGGERS,18.916,#1E90FF,Souchy7,"[{""text"": ""POGGERS""}]"
PogYou,18.924,#DAA520,Mongaro,"[{""text"": ""PogYou""}]"
Late WeirdChamp,19.135,#008000,VrootCyber,"[{""text"": ""Late WeirdChamp""}]"
Pog hes back,19.312,,dxiyo,"[{""text"": ""Pog hes back""}]"
SAVED,19.359,,gustaveriner,"[{""text"": ""SAVED""}]"
AD LULW,19.467,,DMaximilian,"[{""text"": ""AD LULW""}]"
no :),19.51,#F700B6,beepyy_,"[{""text"": ""no ""}, {""text"": "":)"", ""emoticon"": {""emoticon_set_id"": """", ""emoticon_id"": ""1""}}]"
HI,19.517,#1E90FF,NEPPO,"[{""text"": ""HI""}]"
finally live Pog,19.56,#FF0000,fivesixgiant,"[{""text"": ""finally live Pog""}]"
PogYou PogYou PogYou PogYou PogYou PogYou PogYou PogYou PogYou,19.562,#FF0000,GGGodar,"[{""text"": ""PogYou PogYou PogYou PogYou PogYou PogYou PogYou PogYou PogYou""}]"
UNLEASHED ON 3,19.904,#1E90FF,Xeinu,"[{""text"": ""UNLEASHED ON 3""}]"
30secs,19.936,#FF69B4,Showiz,"[{""text"": ""30secs""}]"
Pog,19.975,#8A2BE2,Renzo4,"[{""text"": ""Pog""}]"
KEKW,20.009,,MysticalSoul,"[{""text"": ""KEKW""}]"
4k gone,20.291,#FF69B4,CapitalDeColon,"[{""text"": ""4k gone""}]"
invisible,20.445,#008000,gilsupremacy,"[{""text"": ""invisible""}]"
PogU,20.448,#0000FF,llosers,"[{""text"": ""PogU""}]"
NO,20.587,#FF7F50,MidgetSheep,"[{""text"": ""NO""}]"
SAVED,20.749,,ek_ghanta,"[{""text"": ""SAVED""}]"
DELIVEROO,20.857,,mist_central,"[{""text"": ""DELIVEROO""}]"
PowerUpL Wowee PowerUpR PowerUpL OhMyDog PowerUpR PowerUpL FrankerZ PowerUpR PowerUpL RalpherZ PowerUpR,20.894,#FF0000,Dollt28,"[{""text"": ""PowerUpL"", ""emoticon"": {""emoticon_set_id"": """", ""emoticon_id"": ""425688""}}, {""text"": "" Wowee ""}, {""text"": ""PowerUpR"", ""emoticon"": {""emoticon_set_id"": """", ""emoticon_id"": ""425671""}}, {""text"": "" ""}, {""text"": ""PowerUpL"", ""emoticon"": {""emoticon_set_id"": """", ""emoticon_id"": ""425688""}}, {""text"": "" ""}, {""text"": ""OhMyDog"", ""emoticon"": {""emoticon_set_id"": """", ""emoticon_id"": ""81103""}}, {""text"": "" ""}, {""text"": ""PowerUpR"", ""emoticon"": {""emoticon_set_id"": """", ""emoticon_id"": ""425671""}}, {""text"": "" ""}, {""text"": ""PowerUpL"", ""emoticon"": {""emoticon_set_id"": """", ""emoticon_id"": ""425688""}}, {""text"": "" ""}, {""text"": ""FrankerZ"", ""emoticon"": {""emoticon_set_id"": """", ""emoticon_id"": ""65""}}, {""text"": "" ""}, {""text"": ""PowerUpR"", ""emoticon"": {""emoticon_set_id"": """", ""emoticon_id"": ""425671""}}, {""text"": "" ""}, {""text"": ""PowerUpL"", ""emoticon"": {""emoticon_set_id"": """", ""emoticon_id"": ""425688""}}, {""text"": "" ""}, {""text"": ""RalpherZ"", ""emoticon"": {""emoticon_set_id"": """", ""emoticon_id"": ""1900""}}, {""text"": "" ""}, {""text"": ""PowerUpR"", ""emoticon"": {""emoticon_set_id"": """", ""emoticon_id"": ""425671""}}]"
prerecorded LUL,20.913,#FF69B4,afrika93,"[{""text"": ""prerecorded ""}, {""text"": ""LUL"", ""emoticon"": {""emoticon_set_id"": """", ""emoticon_id"": ""425618""}}]"
..,20.956,#FF69B4,Showiz,"[{""text"": ""..""}]"
HELP DID THEY WIN LAST GAME HELP,21.141,#8A2BE2,bobismvp,"[{""text"": ""HELP DID THEY WIN LAST GAME HELP""}]"
ye,21.404,,asenchouu,"[{""text"": ""ye""}]"
OMEGALUL,21.41,#008000,Therealdingus,"[{""text"": ""OMEGALUL""}]"
KEKW,21.667,#2297B2,RosarioVampi,"[{""text"": ""KEKW""}]"
PogYou PogYou PogYou PogYou PogYou PogYou PogYou PogYou PogYou PogYou,22.071,#FF0000,GGGodar,"[{""text"": ""PogYou PogYou PogYou PogYou PogYou PogYou PogYou PogYou PogYou PogYou""}]"
Yup,22.075,,thiccbeefcake69,"[{""text"": ""Yup""}]"
LULW,22.149,#FF4500,learning2read,"[{""text"": ""LULW""}]"
Pog,22.324,,hamsandwich00,"[{""text"": ""Pog""}]"
PogU,22.47,#FF69B4,DirtyThinker148,"[{""text"": ""PogU""}]"
KEKW,22.79,#0000FF,jake438899,"[{""text"": ""KEKW""}]"
ads peepoLeave,22.877,#FF4500,Gosufan911,"[{""text"": ""ads peepoLeave""}]"
KEKW,22.905,#505DFF,Receptorz,"[{""text"": ""KEKW""}]"
KEKW,22.908,#FF69B4,tylerkto,"[{""text"": ""KEKW""}]"
SHADOWDOGS UNLEASHED PowerUpL OhMyDog PowerUpR SHADOWDOGS UNLEASHED PowerUpL OhMyDog PowerUpR SHADOWDOGS UNLEASHED PowerUpL OhMyDog PowerUpR SHADOWDOGS UNLEASHED PowerUpL OhMyDog PowerUpR SHADOWDOGS UNLEASHED PowerUpL OhMyDog PowerUpR SHADOWDOGS UNLEASHED!,22.931,,easyyyone,"[{""text"": ""SHADOWDOGS UNLEASHED ""}, {""text"": ""PowerUpL"", ""emoticon"": {""emoticon_set_id"": """", ""emoticon_id"": ""425688""}}, {""text"": "" ""}, {""text"": ""OhMyDog"", ""emoticon"": {""emoticon_set_id"": """", ""emoticon_id"": ""81103""}}, {""text"": "" ""}, {""text"": ""PowerUpR"", ""emoticon"": {""emoticon_set_id"": """", ""emoticon_id"": ""425671""}}, {""text"": "" SHADOWDOGS UNLEASHED ""}, {""text"": ""PowerUpL"", ""emoticon"": {""emoticon_set_id"": """", ""emoticon_id"": ""425688""}}, {""text"": "" ""}, {""text"": ""OhMyDog"", ""emoticon"": {""emoticon_set_id"": """", ""emoticon_id"": ""81103""}}, {""text"": "" ""}, {""text"": ""PowerUpR"", ""emoticon"": {""emoticon_set_id"": """", ""emoticon_id"": ""425671""}}, {""text"": "" SHADOWDOGS UNLEASHED ""}, {""text"": ""PowerUpL"", ""emoticon"": {""emoticon_set_id"": """", ""emoticon_id"": ""425688""}}, {""text"": "" ""}, {""text"": ""OhMyDog"", ""emoticon"": {""emoticon_set_id"": """", ""emoticon_id"": ""81103""}}, {""text"": "" ""}, {""text"": ""PowerUpR"", ""emoticon"": {""emoticon_set_id"": """", ""emoticon_id"": ""425671""}}, {""text"": "" SHADOWDOGS UNLEASHED ""}, {""text"": ""PowerUpL"", ""emoticon"": {""emoticon_set_id"": """", ""emoticon_id"": ""425688""}}, {""text"": "" ""}, {""text"": ""OhMyDog"", ""emoticon"": {""emoticon_set_id"": """", ""emoticon_id"": ""81103""}}, {""text"": "" ""}, {""text"": ""PowerUpR"", ""emoticon"": {""emoticon_set_id"": """", ""emoticon_id"": ""425671""}}, {""text"": "" SHADOWDOGS UNLEASHED ""}, {""text"": ""PowerUpL"", ""emoticon"": {""emoticon_set_id"": """", ""emoticon_id"": ""425688""}}, {""text"": "" ""}, {""text"": ""OhMyDog"", ""emoticon"": {""emoticon_set_id"": """", ""emoticon_id"": ""81103""}}, {""text"": "" ""}, {""text"": ""PowerUpR"", ""emoticon"": {""emoticon_set_id"": """", ""emoticon_id"": ""425671""}}, {""text"": "" SHADOWDOGS UNLEASHED!""}]"
KEKW,23.041,#301EFF,KappaTron_420,"[{""text"": ""KEKW""}]"
KEKW,23.069,#00FF7F,STREAMER__NOTICE__ME,"[{""text"": ""KEKW""}]"
LOL,23.154,#DAA520,Poenesss,"[{""text"": ""LOL""}]"
LMFAO,23.187,#B22222,SMALL_CALVES,"[{""text"": ""LMFAO""}]"
LUL,23.267,,priceisduhdino,"[{""text"": ""LUL"", ""emoticon"": {""emoticon_set_id"": """", ""emoticon_id"": ""425618""}}]"
KEKW,23.326,#FFFFFF,TooManyHS,"[{""text"": ""KEKW""}]"
LUL,23.508,,n0ooooooooo,"[{""text"": ""LUL"", ""emoticon"": {""emoticon_set_id"": """", ""emoticon_id"": ""425618""}}]"
@loltyler1 PogYou,23.512,,Shooch,"[{""text"": ""@loltyler1 PogYou""}]"
KEKW,23.534,#8A2BE2,jlonic,"[{""text"": ""KEKW""}]"
KEKW,23.655,#0000FF,Distant_Gravity,"[{""text"": ""KEKW""}]"
KEKW,23.668,#000000,watupmun,"[{""text"": ""KEKW""}]"
KEKW,23.722,#FF0000,saffattack,"[{""text"": ""KEKW""}]"
KEKW,23.748,#DAA520,Pharem,"[{""text"": ""KEKW""}]"
KEKW,24.102,#1E90FF,pois_,"[{""text"": ""KEKW""}]"
KEKW,24.105,#B22222,cherdle,"[{""text"": ""KEKW""}]"
PogChamp,24.122,,Nakaruhx,"[{""text"": ""PogChamp"", ""emoticon"": {""emoticon_set_id"": """", ""emoticon_id"": ""88""}}]"
TIME TRAVELER PogU,24.164,#8DD2FF,Halfblackops,"[{""text"": ""TIME TRAVELER PogU""}]"
KEKW,24.314,#1E90FF,Duel1,"[{""text"": ""KEKW""}]"
KEKW,24.383,#0000CC,TheJayyy,"[{""text"": ""KEKW""}]"
LULW,24.442,#8A2BE2,michaelduffy,"[{""text"": ""LULW""}]"
lul,24.446,,jactorjg,"[{""text"": ""lul""}]"
KEKW Clap,24.539,#8A2BE2,StickyZ_,"[{""text"": ""KEKW Clap""}]"
KEKW,24.553,#00FF7F,biscuit00,"[{""text"": ""KEKW""}]"
KEKW,24.578,#DAA520,m0ment,"[{""text"": ""KEKW""}]"
KEKW,24.582,#FF0000,Herz3h,"[{""text"": ""KEKW""}]"
lol,24.637,,moeasnake,"[{""text"": ""lol""}]"
KEKW KEKW KEKW,24.732,#301EFF,KappaTron_420,"[{""text"": ""KEKW KEKW KEKW""}]"
LMFAOOOO,24.849,#B22222,SMALL_CALVES,"[{""text"": ""LMFAOOOO""}]"
KEKW,25.038,#1E90FF,Jophi,"[{""text"": ""KEKW""}]"
LUL,25.048,#0000FF,CyberiusRex,"[{""text"": ""LUL"", ""emoticon"": {""emoticon_set_id"": """", ""emoticon_id"": ""425618""}}]"
LULW,25.095,#FF0000,lidl_beast,"[{""text"": ""LULW""}]"
KEKW,25.108,#1E90FF,ScareDeeee,"[{""text"": ""KEKW""}]"
KEKW,25.135,#00F6FF,capski,"[{""text"": ""KEKW""}]"
OMEGALUL,25.153,#DAA520,Mongaro,"[{""text"": ""OMEGALUL""}]"
KEKW,25.182,,Rhyphix,"[{""text"": ""KEKW""}]"
KEKW,25.196,,Newname_5,"[{""text"": ""KEKW""}]"
omegalul,25.199,#4C0093,SteelFlexed,"[{""text"": ""omegalul""}]"
LMAOOO,25.208,,Unexcused,"[{""text"": ""LMAOOO""}]"
KEKW,26.308,#FF0000,im_yasuo_main,"[{""text"": ""KEKW""}]"
KEKW,26.318,#FF0000,Jun1or1007,"[{""text"": ""KEKW""}]"
KEKW KEKW,26.351,#301EFF,KappaTron_420,"[{""text"": ""KEKW KEKW""}]"
HAHAHAHAHA,26.383,#DAA520,Poenesss,"[{""text"": ""HAHAHAHAHA""}]"
KEKW,26.402,#8A2BE2,Smuppen,"[{""text"": ""KEKW""}]"
Lmao,26.42,#FF0000,Aintquiet,"[{""text"": ""Lmao""}]"
HAHAHAHA,26.425,,Unexcused,"[{""text"": ""HAHAHAHA""}]"
KEKW,26.468,#00FF7F,FPSpsychoYT,"[{""text"": ""KEKW""}]"
KEKW,26.49,#FF0000,daddy_is_here,"[{""text"": ""KEKW""}]"
KEKW,26.493,#DFE3E8,comics101,"[{""text"": ""KEKW""}]"
KEKW,26.548000000000002,#666666,Joey__Lee,"[{""text"": ""KEKW""}]"
KEKW,26.584,#DA2042,drizzymeister,"[{""text"": ""KEKW""}]"
kekw,26.608,,dargox15_,"[{""text"": ""kekw""}]"
KEKW,26.882,#5F9EA0,MattiTheGuy,"[{""text"": ""KEKW""}]"
PauseChamp,26.992,#FFB61D,MrSumo,"[{""text"": ""PauseChamp""}]"
DITCHED KEKW,27.042,#008000,reptileGEDO,"[{""text"": ""DITCHED KEKW""}]"
KEKW,27.06,#FF69B4,zqroh,"[{""text"": ""KEKW""}]"
LULW,27.07,,priceisduhdino,"[{""text"": ""LULW""}]"
KEKW,27.179,#627893,Notagingerman1,"[{""text"": ""KEKW""}]"
KEKW,27.181,#008000,The_Virtuous_One,"[{""text"": ""KEKW""}]"
KEKW,27.363,#FF69B4,MafiaVULX,"[{""text"": ""KEKW""}]"
LUL,27.372,#FF0000,the_one_16,"[{""text"": ""LUL"", ""emoticon"": {""emoticon_set_id"": """", ""emoticon_id"": ""425618""}}]"
KEKW,27.409,#B22222,lexil,"[{""text"": ""KEKW""}]"
KEKW,27.42,#FF0000,GGGodar,"[{""text"": ""KEKW""}]"
KEKW,27.605,#F772B6,Battlepiggy_,"[{""text"": ""KEKW""}]"
KEKW,27.608,#16BC47,tomorrowlandbk,"[{""text"": ""KEKW""}]"
HAHAHAHAHAHA,27.818,#FF69B4,ryodali1,"[{""text"": ""HAHAHAHAHAHA""}]"
KEKW,27.86,#1E90FF,PrevoTV,"[{""text"": ""KEKW""}]"
LOOOOOL,27.878,#B22222,SMALL_CALVES,"[{""text"": ""LOOOOOL""}]"
LULW Clap,27.882,#8A2BE2,michaelduffy,"[{""text"": ""LULW Clap""}]"
KEKW,28.014,#FF4500,Grumpypie,"[{""text"": ""KEKW""}]"
KEKW,28.015,#FF69B4,f_l_a_s_h_y_,"[{""text"": ""KEKW""}]"
PepeHands,28.031,#008000,s10hokage,"[{""text"": ""PepeHands""}]"
Mah n,28.041,,zain_________,"[{""text"": ""Mah n""}]"
LULW,28.13,#1FE0D7,Tiberious_Of_Elona_,"[{""text"": ""LULW""}]"
OMEGALUL,28.209,#0000FF,OnlyDimitri,"[{""text"": ""OMEGALUL""}]"
KEKW,29.308,#008000,Acidrain18769,"[{""text"": ""KEKW""}]"
XD,29.342,,itsKakashiX,"[{""text"": ""XD""}]"
KEKW,29.502,#44A70F,leafyhs,"[{""text"": ""KEKW""}]"
tyler1C tyler1C tyler1C,29.515,#FF69B4,artiapex,"[{""text"": ""tyler1C"", ""emoticon"": {""emoticon_set_id"": """", ""emoticon_id"": ""126817""}}, {""text"": "" ""}, {""text"": ""tyler1C"", ""emoticon"": {""emoticon_set_id"": """", ""emoticon_id"": ""126817""}}, {""text"": "" ""}, {""text"": ""tyler1C"", ""emoticon"": {""emoticon_set_id"": """", ""emoticon_id"": ""126817""}}]"
KEKW,29.517,#FF0000,AquaticSnail,"[{""text"": ""KEKW""}]"
KEKW,29.552,#0000FF,jeffindahouse,"[{""text"": ""KEKW""}]"
OMEGALUL,29.645,,Argentide,"[{""text"": ""OMEGALUL""}]"
KEKW,29.65,#FF69B4,Lockkke,"[{""text"": ""KEKW""}]"
KEKW,29.683,#FF69B4,요루치카,"[{""text"": ""KEKW""}]"
WTF,29.705,#2200FF,nobevtitan,"[{""text"": ""WTF""}]"
yeaaaaahhh,29.716,,Egypt_EWGF,"[{""text"": ""yeaaaaahhh""}]"
mizkifYo mizkifYo mizkifYo mizkifYo,29.798000000000002,,kenlim1,"[{""text"": ""mizkifYo"", ""emoticon"": {""emoticon_set_id"": """", ""emoticon_id"": ""301038062""}}, {""text"": "" ""}, {""text"": ""mizkifYo"", ""emoticon"": {""emoticon_set_id"": """", ""emoticon_id"": ""301038062""}}, {""text"": "" ""}, {""text"": ""mizkifYo"", ""emoticon"": {""emoticon_set_id"": """", ""emoticon_id"": ""301038062""}}, {""text"": "" ""}, {""text"": ""mizkifYo"", ""emoticon"": {""emoticon_set_id"": """", ""emoticon_id"": ""301038062""}}]"
KEKW,29.802,#00E3FF,Braum3,"[{""text"": ""KEKW""}]"
KEKW,29.81,#1E90FF,tanjamado,"[{""text"": ""KEKW""}]"
KEKW,29.903,#0000FF,Camp3ReL,"[{""text"": ""KEKW""}]"
LMFAOOO,31.12,#0000FF,aquax784,"[{""text"": ""LMFAOOO""}]"
THEY DONT GIVE A FK,31.164,,Unexcused,"[{""text"": ""THEY DONT GIVE A FK""}]"
KEKW KEKW,31.165,#FF0000,im_yasuo_main,"[{""text"": ""KEKW KEKW""}]"
KEKW,31.214,#FF69B4,wankstonmain123,"[{""text"": ""KEKW""}]"
HAHAHAHAAHHA,31.225,#8A2BE2,michaelduffy,"[{""text"": ""HAHAHAHAAHHA""}]"
kinggcarti subscribed with Twitch Prime. They've subscribed for 3 months! pooooog,31.434,#FF0000,kinggcarti,"[{""text"": ""kinggcarti subscribed with Twitch Prime. They've subscribed for 3 months! pooooog""}]"
OMEGALUL,32.214,#00FF7F,FPSpsychoYT,"[{""text"": ""OMEGALUL""}]"
PowerUpL OhMyDog PowerUpR MOE OVERRATED PowerUpL OhMyDog PowerUpR TFBLADE OUTDATED PowerUpL OhMyDog PowerUpR LONG HAVE WE WAITED PowerUpL OhMyDog PowerUpR SHADOW DOGS ACTIVATEDPowerUpL OhMyDog PowerUpR PowerUpL OhMyDog PowerUpR MOE DECEASED PowerUpL OhMyDog PowerUpR TYLER1’S A BEAST PowerUpL OhMyDog PowerUpR TONIGHT WE FEAST PowerUpL OhMyDog PowerUpR SHADOWDOGS UNLEASHED,32.331,#0000FF,diermo,"[{""text"": ""PowerUpL"", ""emoticon"": {""emoticon_set_id"": """", ""emoticon_id"": ""425688""}}, {""text"": "" ""}, {""text"": ""OhMyDog"", ""emoticon"": {""emoticon_set_id"": """", ""emoticon_id"": ""81103""}}, {""text"": "" ""}, {""text"": ""PowerUpR"", ""emoticon"": {""emoticon_set_id"": """", ""emoticon_id"": ""425671""}}, {""text"": "" MOE OVERRATED ""}, {""text"": ""PowerUpL"", ""emoticon"": {""emoticon_set_id"": """", ""emoticon_id"": ""425688""}}, {""text"": "" ""}, {""text"": ""OhMyDog"", ""emoticon"": {""emoticon_set_id"": """", ""emoticon_id"": ""81103""}}, {""text"": "" ""}, {""text"": ""PowerUpR"", ""emoticon"": {""emoticon_set_id"": """", ""emoticon_id"": ""425671""}}, {""text"": "" TFBLADE OUTDATED ""}, {""text"": ""PowerUpL"", ""emoticon"": {""emoticon_set_id"": """", ""emoticon_id"": ""425688""}}, {""text"": "" ""}, {""text"": ""OhMyDog"", ""emoticon"": {""emoticon_set_id"": """", ""emoticon_id"": ""81103""}}, {""text"": "" ""}, {""text"": ""PowerUpR"", ""emoticon"": {""emoticon_set_id"": """", ""emoticon_id"": ""425671""}}, {""text"": "" LONG HAVE WE WAITED ""}, {""text"": ""PowerUpL"", ""emoticon"": {""emoticon_set_id"": """", ""emoticon_id"": ""425688""}}, {""text"": "" ""}, {""text"": ""OhMyDog"", ""emoticon"": {""emoticon_set_id"": """", ""emoticon_id"": ""81103""}}, {""text"": "" ""}, {""text"": ""PowerUpR"", ""emoticon"": {""emoticon_set_id"": """", ""emoticon_id"": ""425671""}}, {""text"": "" SHADOW DOGS ACTIVATEDPowerUpL ""}, {""text"": ""OhMyDog"", ""emoticon"": {""emoticon_set_id"": """", ""emoticon_id"": ""81103""}}, {""text"": "" ""}, {""text"": ""PowerUpR"", ""emoticon"": {""emoticon_set_id"": """", ""emoticon_id"": ""425671""}}, {""text"": "" ""}, {""text"": ""PowerUpL"", ""emoticon"": {""emoticon_set_id"": """", ""emoticon_id"": ""425688""}}, {""text"": "" ""}, {""text"": ""OhMyDog"", ""emoticon"": {""emoticon_set_id"": """", ""emoticon_id"": ""81103""}}, {""text"": "" ""}, {""text"": ""PowerUpR"", ""emoticon"": {""emoticon_set_id"": """", ""emoticon_id"": ""425671""}}, {""text"": "" MOE DECEASED ""}, {""text"": ""PowerUpL"", ""emoticon"": {""emoticon_set_id"": """", ""emoticon_id"": ""425688""}}, {""text"": "" ""}, {""text"": ""OhMyDog"", ""emoticon"": {""emoticon_set_id"": """", ""emoticon_id"": ""81103""}}, {""text"": "" ""}, {""text"": ""PowerUpR"", ""emoticon"": {""emoticon_set_id"": """", ""emoticon_id"": ""425671""}}, {""text"": "" TYLER1\u2019S A BEAST ""}, {""text"": ""PowerUpL"", ""emoticon"": {""emoticon_set_id"": """", ""emoticon_id"": ""425688""}}, {""text"": "" ""}, {""text"": ""OhMyDog"", ""emoticon"": {""emoticon_set_id"": """", ""emoticon_id"": ""81103""}}, {""text"": "" ""}, {""text"": ""PowerUpR"", ""emoticon"": {""emoticon_set_id"": """", ""emoticon_id"": ""425671""}}, {""text"": "" TONIGHT WE FEAST ""}, {""text"": ""PowerUpL"", ""emoticon"": {""emoticon_set_id"": """", ""emoticon_id"": ""425688""}}, {""text"": "" ""}, {""text"": ""OhMyDog"", ""emoticon"": {""emoticon_set_id"": """", ""emoticon_id"": ""81103""}}, {""text"": "" ""}, {""text"": ""PowerUpR"", ""emoticon"": {""emoticon_set_id"": """", ""emoticon_id"": ""425671""}}, {""text"": "" SHADOWDOGS UNLEASHED""}]"
LUL,32.406,,Renekton_cured_my_cancer,"[{""text"": ""LUL"", ""emoticon"": {""emoticon_set_id"": """", ""emoticon_id"": ""425618""}}]"
kekw,32.439,#5CCC00,Jdel,"[{""text"": ""kekw""}]"
KEKW,32.44,#1E90FF,breXmovies,"[{""text"": ""KEKW""}]"
PepeHands,32.444,,dajewish666,"[{""text"": ""PepeHands""}]"
KEKW NOT REAL FRIENDS JUST TEAMMATES KEKEW,32.448,#FFFFFF,TooManyHS,"[{""text"": ""KEKW NOT REAL FRIENDS JUST TEAMMATES KEKEW""}]"
PowerUpL OhMyGod PowerUpR SHADOWDOGS UNLEASHED PowerUpL OhMyGod PowerUpR SHADOWDOGS UNLEASHED PowerUpL OhMyGod PowerUpR SHADOWDOGS UNLEASHED PowerUpL OhMyGod PowerUpR SHADOWDOGS UNLEASHED PowerUpL OhMyGod PowerUpR SHADOWDOGS UNLEASHED PowerUpL OhMyGod PowerUpR SHADOWDOGS UNLEASHED PowerUpL OhMyGod PowerUpR SHADOWDOGS UNLEASHED PowerUpL OhMyGod PowerUpR SHADOWDOGS UNLEASHED,32.483,,realpicklemorty,"[{""text"": ""PowerUpL"", ""emoticon"": {""emoticon_set_id"": """", ""emoticon_id"": ""425688""}}, {""text"": "" OhMyGod ""}, {""text"": ""PowerUpR"", ""emoticon"": {""emoticon_set_id"": """", ""emoticon_id"": ""425671""}}, {""text"": "" SHADOWDOGS UNLEASHED ""}, {""text"": ""PowerUpL"", ""emoticon"": {""emoticon_set_id"": """", ""emoticon_id"": ""425688""}}, {""text"": "" OhMyGod ""}, {""text"": ""PowerUpR"", ""emoticon"": {""emoticon_set_id"": """", ""emoticon_id"": ""425671""}}, {""text"": "" SHADOWDOGS UNLEASHED ""}, {""text"": ""PowerUpL"", ""emoticon"": {""emoticon_set_id"": """", ""emoticon_id"": ""425688""}}, {""text"": "" OhMyGod ""}, {""text"": ""PowerUpR"", ""emoticon"": {""emoticon_set_id"": """", ""emoticon_id"": ""425671""}}, {""text"": "" SHADOWDOGS UNLEASHED ""}, {""text"": ""PowerUpL"", ""emoticon"": {""emoticon_set_id"": """", ""emoticon_id"": ""425688""}}, {""text"": "" OhMyGod ""}, {""text"": ""PowerUpR"", ""emoticon"": {""emoticon_set_id"": """", ""emoticon_id"": ""425671""}}, {""text"": "" SHADOWDOGS UNLEASHED ""}, {""text"": ""PowerUpL"", ""emoticon"": {""emoticon_set_id"": """", ""emoticon_id"": ""425688""}}, {""text"": "" OhMyGod ""}, {""text"": ""PowerUpR"", ""emoticon"": {""emoticon_set_id"": """", ""emoticon_id"": ""425671""}}, {""text"": "" SHADOWDOGS UNLEASHED ""}, {""text"": ""PowerUpL"", ""emoticon"": {""emoticon_set_id"": """", ""emoticon_id"": ""425688""}}, {""text"": "" OhMyGod ""}, {""text"": ""PowerUpR"", ""emoticon"": {""emoticon_set_id"": """", ""emoticon_id"": ""425671""}}, {""text"": "" SHADOWDOGS UNLEASHED ""}, {""text"": ""PowerUpL"", ""emoticon"": {""emoticon_set_id"": """", ""emoticon_id"": ""425688""}}, {""text"": "" OhMyGod ""}, {""text"": ""PowerUpR"", ""emoticon"": {""emoticon_set_id"": """", ""emoticon_id"": ""425671""}}, {""text"": "" SHADOWDOGS UNLEASHED ""}, {""text"": ""PowerUpL"", ""emoticon"": {""emoticon_set_id"": """", ""emoticon_id"": ""425688""}}, {""text"": "" OhMyGod ""}, {""text"": ""PowerUpR"", ""emoticon"": {""emoticon_set_id"": """", ""emoticon_id"": ""425671""}}, {""text"": "" SHADOWDOGS UNLEASHED""}]"
LULW,32.555,#DAA520,Poenesss,"[{""text"": ""LULW""}]"
KEKW,32.557,#5F9EA0,iwassomekindofgoth,"[{""text"": ""KEKW""}]"
KEKW,32.677,#FF4500,Rubiks0,"[{""text"": ""KEKW""}]"
Nerds,32.744,#194CB3,SteeZe_tv,"[{""text"": ""Nerds""}]"
KEKW,32.768,,Enokian,"[{""text"": ""KEKW""}]"
KEKW KEKW,32.776,#008000,dyrudefirestorm,"[{""text"": ""KEKW KEKW""}]"
KEKW,32.812,,Naum31,"[{""text"": ""KEKW""}]"
THEY HATE U KEKW,33.138,#505DFF,Receptorz,"[{""text"": ""THEY HATE U KEKW""}]"
PowerUpL OhMyDog PowerUpR SHADOWDOGS UNLEASHED PowerUpL OhMyDog PowerUpR SHADOWDOGS UNLEASHED PowerUpL OhMyDog PowerUpR SHADOWDOGS UNLEASHED PowerUpL OhMyDog PowerUpR SHADOWDOGS UNLEASHED PowerUpL OhMyDog PowerUpR SHADOWDOGS UNLEASHED PowerUpL OhMyDog PowerUpR SHADOWDOGS UNLEASHED,33.157,,FkeBld,"[{""text"": ""PowerUpL"", ""emoticon"": {""emoticon_set_id"": """", ""emoticon_id"": ""425688""}}, {""text"": "" ""}, {""text"": ""OhMyDog"", ""emoticon"": {""emoticon_set_id"": """", ""emoticon_id"": ""81103""}}, {""text"": "" ""}, {""text"": ""PowerUpR"", ""emoticon"": {""emoticon_set_id"": """", ""emoticon_id"": ""425671""}}, {""text"": "" SHADOWDOGS UNLEASHED ""}, {""text"": ""PowerUpL"", ""emoticon"": {""emoticon_set_id"": """", ""emoticon_id"": ""425688""}}, {""text"": "" ""}, {""text"": ""OhMyDog"", ""emoticon"": {""emoticon_set_id"": """", ""emoticon_id"": ""81103""}}, {""text"": "" ""}, {""text"": ""PowerUpR"", ""emoticon"": {""emoticon_set_id"": """", ""emoticon_id"": ""425671""}}, {""text"": "" SHADOWDOGS UNLEASHED ""}, {""text"": ""PowerUpL"", ""emoticon"": {""emoticon_set_id"": """", ""emoticon_id"": ""425688""}}, {""text"": "" ""}, {""text"": ""OhMyDog"", ""emoticon"": {""emoticon_set_id"": """", ""emoticon_id"": ""81103""}}, {""text"": "" ""}, {""text"": ""PowerUpR"", ""emoticon"": {""emoticon_set_id"": """", ""emoticon_id"": ""425671""}}, {""text"": "" SHADOWDOGS UNLEASHED ""}, {""text"": ""PowerUpL"", ""emoticon"": {""emoticon_set_id"": """", ""emoticon_id"": ""425688""}}, {""text"": "" ""}, {""text"": ""OhMyDog"", ""emoticon"": {""emoticon_set_id"": """", ""emoticon_id"": ""81103""}}, {""text"": "" ""}, {""text"": ""PowerUpR"", ""emoticon"": {""emoticon_set_id"": """", ""emoticon_id"": ""425671""}}, {""text"": "" SHADOWDOGS UNLEASHED ""}, {""text"": ""PowerUpL"", ""emoticon"": {""emoticon_set_id"": """", ""emoticon_id"": ""425688""}}, {""text"": "" ""}, {""text"": ""OhMyDog"", ""emoticon"": {""emoticon_set_id"": """", ""emoticon_id"": ""81103""}}, {""text"": "" ""}, {""text"": ""PowerUpR"", ""emoticon"": {""emoticon_set_id"": """", ""emoticon_id"": ""425671""}}, {""text"": "" SHADOWDOGS UNLEASHED ""}, {""text"": ""PowerUpL"", ""emoticon"": {""emoticon_set_id"": """", ""emoticon_id"": ""425688""}}, {""text"": "" ""}, {""text"": ""OhMyDog"", ""emoticon"": {""emoticon_set_id"": """", ""emoticon_id"": ""81103""}}, {""text"": "" ""}, {""text"": ""PowerUpR"", ""emoticon"": {""emoticon_set_id"": """", ""emoticon_id"": ""425671""}}, {""text"": "" SHADOWDOGS UNLEASHED""}]"
KEKW,33.164,#FF4500,RamaXDL,"[{""text"": ""KEKW""}]"
PowerUpL BibleThump PowerUpR,33.165,,OnlyRengar,"[{""text"": ""PowerUpL"", ""emoticon"": {""emoticon_set_id"": """", ""emoticon_id"": ""425688""}}, {""text"": "" ""}, {""text"": ""BibleThump"", ""emoticon"": {""emoticon_set_id"": """", ""emoticon_id"": ""86""}}, {""text"": "" ""}, {""text"": ""PowerUpR"", ""emoticon"": {""emoticon_set_id"": """", ""emoticon_id"": ""425671""}}]"
KEKW,33.167,#00FF7F,agitoad,"[{""text"": ""KEKW""}]"
KEKW,33.475,#D2691E,skyowner77,"[{""text"": ""KEKW""}]"
PepeHands,33.519,,shigs2btw,"[{""text"": ""PepeHands""}]"
peepoLeave LOL,33.56,#301EFF,KappaTron_420,"[{""text"": ""peepoLeave LOL""}]"
CALL THEM BACK KEKW,33.682,#8A2BE2,jlonic,"[{""text"": ""CALL THEM BACK KEKW""}]"
KEKW,33.684,#FF0000,katukas,"[{""text"": ""KEKW""}]"
KEKW /,33.7,#FF0000,im_yasuo_main,"[{""text"": ""KEKW /""}]"
KEKW,33.708,#FF0000,swiftcalibrez,"[{""text"": ""KEKW""}]"
LMFAOOOOO,33.734,#B22222,SMALL_CALVES,"[{""text"": ""LMFAOOOOO""}]"
KEKW,33.755,#FF4500,misterbudlo,"[{""text"": ""KEKW""}]"
THEY OUT,33.838,,Unexcused,"[{""text"": ""THEY OUT""}]"
KEKW KEKW,35.262,#D2691E,skyowner77,"[{""text"": ""KEKW KEKW""}]"
fucking unsocial,35.273,#8A2BE2,jakeqtlol,"[{""text"": ""fucking unsocial""}]"
widepeepoSad,35.28,#00FF7F,memeware42069,"[{""text"": ""widepeepoSad""}]"
PepeHands,35.319,,yourroyalslave,"[{""text"": ""PepeHands""}]"
KEKW,35.337,#FF0000,Jean012045,"[{""text"": ""KEKW""}]"
PepeHands,35.362,#8A2BE2,SGHallArt,"[{""text"": ""PepeHands""}]"
KEKW,35.368,#DAA520,Zetrixus,"[{""text"": ""KEKW""}]"
PepeHands,35.403,,xRios360,"[{""text"": ""PepeHands""}]"
KEKW,35.405,#FF0000,flamingg,"[{""text"": ""KEKW""}]"
OMEGALUL,35.427,#2297B2,RosarioVampi,"[{""text"": ""OMEGALUL""}]"
KEKW,35.428,#FF0000,156lean,"[{""text"": ""KEKW""}]"
KEKW,35.467,,cabra4,"[{""text"": ""KEKW""}]"
widepeepoSad,35.586,#F6FF00,CYBERBOOLI_xD,"[{""text"": ""widepeepoSad""}]"
OMEGALUL,35.916,#FF0000,JoylessFrog,"[{""text"": ""OMEGALUL""}]"
FeelsBadMan,35.971,#00FF7F,biscuit00,"[{""text"": ""FeelsBadMan""}]"
DITCHED LULW,36.512,#DAA520,Poenesss,"[{""text"": ""DITCHED LULW""}]"
HAHAHAHAH,36.535,#1B00FF,Zigorate,"[{""text"": ""HAHAHAHAH""}]"
KEKW KEKW KEKW KEKW KEKW,36.589,#FF69B4,yukipop,"[{""text"": ""KEKW KEKW KEKW KEKW KEKW""}]"
KEKW,36.629,,pxsuns,"[{""text"": ""KEKW""}]"
KEKW .,36.633,#FF0000,im_yasuo_main,"[{""text"": ""KEKW .""}]"
KEKW KEKW KEKW KEKW KEKW KEKW,36.637,#8A2BE2,Elite1430,"[{""text"": ""KEKW KEKW KEKW KEKW KEKW KEKW""}]"
KEKW,36.69,#8A2BE2,zerocity___,"[{""text"": ""KEKW""}]"
PepeHands,36.869,#FF0000,fivesixgiant,"[{""text"": ""PepeHands""}]"
LUL,36.87,,sbloodx,"[{""text"": ""LUL"", ""emoticon"": {""emoticon_set_id"": """", ""emoticon_id"": ""425618""}}]"
GET THEM BACK!!,36.999,#CC6300,DPritz,"[{""text"": ""GET THEM BACK!!""}]"
LMAOOO KEKW,37.024,#FFB3B3,ROBOKO,"[{""text"": ""LMAOOO KEKW""}]"
KEKW,37.136,#1E90FF,NEPPO,"[{""text"": ""KEKW""}]"
tabletoppolecat subscribed with Twitch Prime. ,37.875,#176B00,tabletoppolecat,"[{""text"": ""tabletoppolecat subscribed with Twitch Prime. ""}]"
PepePls,38.35,#DAA520,reddlol,"[{""text"": ""PepePls""}]"
LMAOOOOOOOOOOOOO,38.47,#8A2BE2,michaelduffy,"[{""text"": ""LMAOOOOOOOOOOOOO""}]"
OMEGALUL,38.522,#1E90FF,muffin1stuffer,"[{""text"": ""OMEGALUL""}]"
KEKW,38.543,,endureeee,"[{""text"": ""KEKW""}]"
REJECTED KEKW,38.555,#FF69B4,MichelleFtww,"[{""text"": ""REJECTED KEKW""}]"
SHADOWDOG BREAK KEKW,38.702,,sean_j,"[{""text"": ""SHADOWDOG BREAK KEKW""}]"
KEKW,38.712,#FF0000,Rybak_xd,"[{""text"": ""KEKW""}]"
KEKW,38.822,,Rokayori,"[{""text"": ""KEKW""}]"
KEKW,38.834,#8A2BE2,tc247,"[{""text"": ""KEKW""}]"
Clap2 KEKW Clap2 KEKW,38.845,#008000,dyrudefirestorm,"[{""text"": ""Clap2 KEKW Clap2 KEKW""}]"
KEKW,39.099,#8A2BE2,starpixels,"[{""text"": ""KEKW""}]"
peepoLeave KEKW,39.274,#301EFF,KappaTron_420,"[{""text"": ""peepoLeave KEKW""}]"
PowerUpL OhMyGod PowerUpR SHADOWDOGS UNLEASHED PowerUpL OhMyGod PowerUpR SHADOWDOGS UNLEASHED PowerUpL OhMyGod PowerUpR SHADOWDOGS UNLEASHED PowerUpL OhMyGod PowerUpR SHADOWDOGS UNLEASHED,39.317,,realpicklemorty,"[{""text"": ""PowerUpL"", ""emoticon"": {""emoticon_set_id"": """", ""emoticon_id"": ""425688""}}, {""text"": "" OhMyGod ""}, {""text"": ""PowerUpR"", ""emoticon"": {""emoticon_set_id"": """", ""emoticon_id"": ""425671""}}, {""text"": "" SHADOWDOGS UNLEASHED ""}, {""text"": ""PowerUpL"", ""emoticon"": {""emoticon_set_id"": """", ""emoticon_id"": ""425688""}}, {""text"": "" OhMyGod ""}, {""text"": ""PowerUpR"", ""emoticon"": {""emoticon_set_id"": """", ""emoticon_id"": ""425671""}}, {""text"": "" SHADOWDOGS UNLEASHED ""}, {""text"": ""PowerUpL"", ""emoticon"": {""emoticon_set_id"": """", ""emoticon_id"": ""425688""}}, {""text"": "" OhMyGod ""}, {""text"": ""PowerUpR"", ""emoticon"": {""emoticon_set_id"": """", ""emoticon_id"": ""425671""}}, {""text"": "" SHADOWDOGS UNLEASHED ""}, {""text"": ""PowerUpL"", ""emoticon"": {""emoticon_set_id"": """", ""emoticon_id"": ""425688""}}, {""text"": "" OhMyGod ""}, {""text"": ""PowerUpR"", ""emoticon"": {""emoticon_set_id"": """", ""emoticon_id"": ""425671""}}, {""text"": "" SHADOWDOGS UNLEASHED""}]"
PepeHands,39.361,#DAA520,Pharem,"[{""text"": ""PepeHands""}]"
PepeHands,39.38,,vaklovsky,"[{""text"": ""PepeHands""}]"
MaN,39.435,#0000CC,TheJayyy,"[{""text"": ""MaN""}]"
KELW,39.474,#FFB1BF,KarnevalKas,"[{""text"": ""KELW""}]"
LULW,39.51,#9ACD32,SpinForDemacia,"[{""text"": ""LULW""}]"
LUL,39.519,#E01111,jayma2,"[{""text"": ""LUL"", ""emoticon"": {""emoticon_set_id"": """", ""emoticon_id"": ""425618""}}]"
KEKW,39.526,#5F9EA0,FARRAH_BEATS_SLIKER,"[{""text"": ""KEKW""}]"
KEKW,39.586,#00FF7F,Themessias1001,"[{""text"": ""KEKW""}]"
LUL L,39.593,#00FF7F,randy_edition,"[{""text"": ""LUL"", ""emoticon"": {""emoticon_set_id"": """", ""emoticon_id"": ""425618""}}, {""text"": "" L""}]"
KEKW KEKW KEKW KEKW,39.686,#FF0000,im_yasuo_main,"[{""text"": ""KEKW KEKW KEKW KEKW""}]"
PepeHands,39.699,#2A74A2,uSakana,"[{""text"": ""PepeHands""}]"
THEY DONT GIVE A SHIT,39.94,,Unexcused,"[{""text"": ""THEY DONT GIVE A SHIT""}]"
the cannel is not dead PogU,40.061,#11CA1A,caioaraujo0087,"[{""text"": ""the cannel is not dead PogU""}]"
LULW,40.104,#F700B6,beepyy_,"[{""text"": ""LULW""}]"
KEKW,40.117,#008000,alonetimeispeacemind,"[{""text"": ""KEKW""}]"
tyler1KKona tyler1KKona tyler1KKona tyler1KKona tyler1KKona tyler1KKona tyler1KKona,40.157,,xxXKINGNANOXxx,"[{""text"": ""tyler1KKona"", ""emoticon"": {""emoticon_set_id"": """", ""emoticon_id"": ""121816""}}, {""text"": "" ""}, {""text"": ""tyler1KKona"", ""emoticon"": {""emoticon_set_id"": """", ""emoticon_id"": ""121816""}}, {""text"": "" ""}, {""text"": ""tyler1KKona"", ""emoticon"": {""emoticon_set_id"": """", ""emoticon_id"": ""121816""}}, {""text"": "" ""}, {""text"": ""tyler1KKona"", ""emoticon"": {""emoticon_set_id"": """", ""emoticon_id"": ""121816""}}, {""text"": "" ""}, {""text"": ""tyler1KKona"", ""emoticon"": {""emoticon_set_id"": """", ""emoticon_id"": ""121816""}}, {""text"": "" ""}, {""text"": ""tyler1KKona"", ""emoticon"": {""emoticon_set_id"": """", ""emoticon_id"": ""121816""}}, {""text"": "" ""}, {""text"": ""tyler1KKona"", ""emoticon"": {""emoticon_set_id"": """", ""emoticon_id"": ""121816""}}]"
KappaPride,40.159,#FF69B4,1__CS__Per__Minute,"[{""text"": ""KappaPride"", ""emoticon"": {""emoticon_set_id"": """", ""emoticon_id"": ""55338""}}]"
NPC'S,41.36,#0000FF,delshad,"[{""text"": ""NPC'S""}]"
PepeHands,41.42,#FFB61D,MrSumo,"[{""text"": ""PepeHands""}]"
rippppp,41.547,,ninjamasius1,"[{""text"": ""rippppp""}]"
KEKW,41.688,#02FFDF,Alvarorodriguez2323,"[{""text"": ""KEKW""}]"
KEKW,41.706,,yogadinger,"[{""text"": ""KEKW""}]"
hahahahahha,41.952,,kostas96666,"[{""text"": ""hahahahahha""}]"
MaN,41.994,#103BC0,xFreki__,"[{""text"": ""MaN""}]"
